#{"t_start": 1624511304.1749697, "env_id": null}
r,l,t
0.0,999,25.609509
0.0,999,28.613036
0.0,999,31.58594
0.0,999,34.560884
0.0,999,37.531659
0.0,999,40.49596
0.0,999,43.456891
0.0,999,46.416881
0.0,999,49.383661
0.0,999,52.341395
0.0,999,55.2945
0.0,999,58.248732
0.0,999,61.203099
0.0,999,64.159104
0.0,999,67.126701
0.0,999,70.080289
0.0,999,73.039976
0.0,999,75.994451
0.0,999,78.960321
0.0,999,81.91562
0.0,999,84.872242
0.0,999,87.8277
0.0,999,91.0538
0.0,999,94.255569
0.0,999,97.215489
0.0,999,100.104722
0.0,999,102.992756
0.0,999,105.888195
0.0,999,108.791677
0.0,999,111.771211
0.0,999,114.674944
0.0,999,117.582876
0.0,999,120.501599
0.0,999,123.732311
0.0,999,126.651032
0.0,999,129.574719
0.0,999,132.497058
0.0,999,135.435098
0.0,999,138.354297
0.0,999,141.271094
0.0,999,144.184384
0.0,999,147.099813
0.0,999,150.011341
0.0,999,152.933145
0.0,999,155.843286
0.0,999,158.756401
0.0,999,161.668504
0.0,999,164.578761
0.0,999,167.490949
0.0,999,170.401901
0.0,999,192.113307
0.0,999,195.069623
0.0,999,197.983553
0.0,999,200.897703
0.0,999,203.815625
0.0,999,206.728448
0.0,999,209.641793
0.0,999,212.558064
0.0,999,215.471059
0.0,999,218.384787
0.0,999,221.29739
0.0,999,224.2136
0.0,999,227.137385
0.0,999,230.045861
0.0,999,232.961367
0.0,999,235.876402
0.0,999,238.789055
0.0,999,241.703973
0.0,999,244.617808
0.0,999,247.533211
0.0,999,250.44756
0.0,999,253.364326
0.0,999,256.282521
0.0,999,259.198722
0.0,999,262.111245
0.0,999,265.025445
0.0,999,267.940117
0.0,999,270.854163
0.0,999,273.76828
0.0,999,276.685619
0.0,999,279.601639
0.0,999,282.523921
0.0,999,285.437335
0.0,999,288.376057
0.0,999,291.292507
0.0,999,294.208317
0.0,999,297.126841
0.0,999,300.048651
0.0,999,302.973373
0.0,999,305.896473
0.0,999,308.821912
0.0,999,311.747173
0.0,999,314.668828
0.0,999,317.592381
0.0,999,320.511426
0.0,999,323.428647
0.0,999,326.348123
0.0,999,329.270401
0.0,999,332.188807
0.0,999,335.107077
0.0,999,356.921772
0.0,999,359.913181
0.0,999,362.833193
0.0,999,365.755482
0.0,999,368.67326
0.0,999,371.588893
0.0,999,374.512365
0.0,999,377.438089
0.0,999,380.357651
0.0,999,383.278454
0.0,999,386.194604
0.0,999,389.110779
0.0,999,392.028461
0.0,999,394.945889
0.0,999,397.864707
0.0,999,400.785927
0.0,999,403.701654
0.0,999,406.624043
0.0,999,409.544101
0.0,999,412.461576
0.0,999,415.418263
0.0,999,418.341527
0.0,999,421.262472
0.0,999,424.180705
0.0,999,427.100451
0.0,999,430.019886
0.0,999,432.938356
0.0,999,435.855538
0.0,999,438.77279
0.0,999,441.689431
0.0,999,444.60961
0.0,999,447.530747
0.0,999,450.443337
0.0,999,453.357948
0.0,999,456.273767
0.0,999,459.191973
0.0,999,462.143545
0.0,999,465.062177
0.0,999,468.013198
0.0,999,470.931492
0.0,999,473.851865
0.0,999,476.767986
0.0,999,479.687091
0.0,999,482.605403
0.0,999,485.522473
0.0,999,488.44057
0.0,999,491.35948
0.0,999,494.280855
0.0,999,497.201329
0.0,999,500.121268
0.0,999,521.983367
0.0,999,524.979546
0.0,999,527.927959
0.0,999,530.878175
0.0,999,533.822475
0.0,999,536.766077
0.0,999,539.712146
0.0,999,542.665177
0.0,999,545.610586
0.0,999,548.55718
0.0,999,551.505481
0.0,999,554.45488
0.0,999,557.401227
0.0,999,560.354729
0.0,999,563.30201
0.0,999,566.24854
0.0,999,569.197031
0.0,999,572.141793
0.0,999,575.090623
0.0,999,578.041261
0.0,999,580.987424
0.0,999,583.932799
0.0,999,586.884787
0.0,999,589.835393
0.0,999,592.786249
0.0,999,595.749551
0.0,999,598.711882
0.0,999,601.694147
0.0,999,604.659162
0.0,999,607.620537
0.0,999,610.582086
0.0,999,613.545929
0.0,999,616.509636
0.0,999,619.473774
0.0,999,622.438633
0.0,999,625.400401
0.0,999,628.367034
0.0,999,631.336344
0.0,999,634.296541
0.0,999,637.261809
0.0,999,640.236959
0.0,999,643.207192
0.0,999,646.173718
0.0,999,649.138922
0.0,999,652.104961
0.0,999,655.071407
0.0,999,658.03776
0.0,999,660.99899
0.0,999,663.960253
0.0,999,666.920473
0.0,999,688.816089
0.0,999,691.870472
0.0,999,694.834493
0.0,999,697.794435
0.0,999,700.75917
0.0,999,703.723559
0.0,999,706.687292
0.0,999,709.650435
0.0,999,712.617885
0.0,999,715.584747
0.0,999,718.546708
0.0,999,721.516163
0.0,999,724.481056
0.0,999,727.447796
0.0,999,730.41532
0.0,999,733.38134
0.0,999,736.343325
0.0,999,739.304932
0.0,999,742.267073
0.0,999,745.233701
0.0,999,748.199254
0.0,999,751.16336
0.0,999,754.128903
0.0,999,757.07305
0.0,999,760.016221
0.0,999,762.956508
0.0,999,765.89945
0.0,999,768.84548
0.0,999,771.786451
0.0,999,774.772252
0.0,999,777.785608
0.0,999,780.79618
0.0,999,783.809015
0.0,999,786.82001
0.0,999,789.831265
0.0,999,792.834152
0.0,999,795.842608
0.0,999,798.852842
0.0,999,801.864038
0.0,999,804.890103
0.0,999,807.901032
0.0,999,810.911187
0.0,999,813.915662
0.0,999,816.92204
0.0,999,819.937546
0.0,999,822.950205
0.0,999,825.967231
0.0,999,828.956305
0.0,999,831.916097
0.0,999,834.877384
0.0,999,856.729274
0.0,999,859.716276
0.0,999,862.681885
0.0,999,865.642281
0.0,999,868.60468
0.0,999,871.56417
0.0,999,874.523869
0.0,999,877.487049
0.0,999,880.446774
0.0,999,883.407873
0.0,999,886.364249
0.0,999,889.323155
0.0,999,892.281796
0.0,999,895.236268
0.0,999,898.191155
0.0,999,901.1511
0.0,999,904.106281
0.0,999,907.062197
0.0,999,910.02998
0.0,999,912.990122
0.0,999,915.954434
0.0,999,918.914374
0.0,999,921.883595
0.0,999,924.864709
0.0,999,927.831663
0.0,999,930.796411
0.0,999,933.764305
0.0,999,936.72627
0.0,999,939.690835
0.0,999,942.656094
0.0,999,945.618392
0.0,999,948.584292
0.0,999,951.542865
0.0,999,954.504498
0.0,999,957.465048
0.0,999,960.427354
0.0,999,963.388422
0.0,999,966.355914
0.0,999,969.322924
0.0,999,972.289492
0.0,999,975.264185
0.0,999,978.228361
0.0,999,981.194545
0.0,999,984.170022
0.0,999,987.133135
0.0,999,990.098978
0.0,999,993.095657
0.0,999,996.108129
0.0,999,999.122683
0.0,999,1002.137789
0.0,999,1024.129903
0.0,999,1027.168752
0.0,999,1030.201662
0.0,999,1033.217073
0.0,999,1036.232254
0.0,999,1039.268922
0.0,999,1042.272975
0.0,999,1045.272703
0.0,999,1048.273021
0.0,999,1051.297723
0.0,999,1054.308937
0.0,999,1057.32225
0.0,999,1060.333637
0.0,999,1063.344902
0.0,999,1066.356792
0.0,999,1069.367675
0.0,999,1072.372916
0.0,999,1075.388143
0.0,999,1078.398789
0.0,999,1081.410783
0.0,999,1084.420663
0.0,999,1087.432173
0.0,999,1090.443345
0.0,999,1093.450886
0.0,999,1096.464273
0.0,999,1099.4753
0.0,999,1102.4452
0.0,999,1105.387687
0.0,999,1108.327779
0.0,999,1111.267952
0.0,999,1114.208725
0.0,999,1117.151855
0.0,999,1120.09271
0.0,999,1123.03617
0.0,999,1125.976047
0.0,999,1128.919877
0.0,999,1131.861408
0.0,999,1134.799692
0.0,999,1137.738761
0.0,999,1140.6768
0.0,999,1143.613655
0.0,999,1146.543881
0.0,999,1149.475479
0.0,999,1152.411483
0.0,999,1155.348328
0.0,999,1158.289371
0.0,999,1161.230349
0.0,999,1164.174218
0.0,999,1167.122606
0.0,999,1170.071908
0.0,999,1191.890653
0.0,999,1194.856305
0.0,999,1197.796454
0.0,999,1200.740887
0.0,999,1203.689425
0.0,999,1206.634185
0.0,999,1209.582292
0.0,999,1212.527781
0.0,999,1215.471653
0.0,999,1218.446852
0.0,999,1221.435388
0.0,999,1224.423192
0.0,999,1227.410476
0.0,999,1230.397214
0.0,999,1233.384897
0.0,999,1236.375139
0.0,999,1239.364928
0.0,999,1242.348572
0.0,999,1245.331389
0.0,999,1248.318078
0.0,999,1251.31671
0.0,999,1254.307736
0.0,999,1257.281149
0.0,999,1260.223107
0.0,999,1263.167153
0.0,999,1266.114769
0.0,999,1269.061343
0.0,999,1272.008454
0.0,999,1274.955836
0.0,999,1277.898784
0.0,999,1280.838384
0.0,999,1283.780701
0.0,999,1286.719892
0.0,999,1289.667154
0.0,999,1292.612701
0.0,999,1295.548963
0.0,999,1298.485882
0.0,999,1301.419586
0.0,999,1304.355914
0.0,999,1307.300079
0.0,999,1310.2385
0.0,999,1313.22499
0.0,999,1316.237715
0.0,999,1319.251464
0.0,999,1322.265719
0.0,999,1325.277699
0.0,999,1328.288111
0.0,999,1331.302513
0.0,999,1334.334731
0.0,999,1337.344321
0.0,999,1359.3402
0.0,999,1362.387251
0.0,999,1365.402001
0.0,999,1368.419649
0.0,999,1371.418982
0.0,999,1374.424934
0.0,999,1377.428633
0.0,999,1380.42519
0.0,999,1383.429183
0.0,999,1386.441423
0.0,999,1389.452677
0.0,999,1392.453378
0.0,999,1395.46875
0.0,999,1398.470506
0.0,999,1401.467783
0.0,999,1404.469701
0.0,999,1407.467849
0.0,999,1410.477216
0.0,999,1413.48999
0.0,999,1416.501952
0.0,999,1419.518019
0.0,999,1422.525899
0.0,999,1425.53069
0.0,999,1428.538427
0.0,999,1431.553989
0.0,999,1434.560785
0.0,999,1437.56161
0.0,999,1440.557683
0.0,999,1443.553689
0.0,999,1446.552841
0.0,999,1449.569269
0.0,999,1452.582412
0.0,999,1455.600547
0.0,999,1458.617053
0.0,999,1461.625972
0.0,999,1464.635229
0.0,999,1467.646421
0.0,999,1470.660373
0.0,999,1473.677721
0.0,999,1476.691832
0.0,999,1479.701779
0.0,999,1482.703686
0.0,999,1485.712545
0.0,999,1488.720472
0.0,999,1491.7147
0.0,999,1494.70734
0.0,999,1497.715462
0.0,999,1500.710417
0.0,999,1503.709946
0.0,999,1506.705106
0.0,999,1528.695426
0.0,999,1531.720512
0.0,999,1534.726165
0.0,999,1537.744457
0.0,999,1540.748397
0.0,999,1543.758667
0.0,999,1546.767836
0.0,999,1549.776068
0.0,999,1552.790962
0.0,999,1555.742697
0.0,999,1558.670852
0.0,999,1561.607997
0.0,999,1564.540787
0.0,999,1567.473909
0.0,999,1570.405648
0.0,999,1573.337931
0.0,999,1576.27125
0.0,999,1579.204893
0.0,999,1582.159192
0.0,999,1585.092034
0.0,999,1588.060281
0.0,999,1590.994711
0.0,999,1593.937853
0.0,999,1596.871027
0.0,999,1599.840347
0.0,999,1602.775474
0.0,999,1605.716118
0.0,999,1608.652678
0.0,999,1611.58862
0.0,999,1614.524177
0.0,999,1617.490785
0.0,999,1620.460967
0.0,999,1623.437152
0.0,999,1626.400494
0.0,999,1629.360956
0.0,999,1632.321299
0.0,999,1635.285089
0.0,999,1638.248599
0.0,999,1641.212602
0.0,999,1644.179825
0.0,999,1647.141393
0.0,999,1650.122274
0.0,999,1653.086408
0.0,999,1656.052865
0.0,999,1659.020089
0.0,999,1661.986135
0.0,999,1664.947448
0.0,999,1667.911147
0.0,999,1670.877389
0.0,999,1673.840046
0.0,999,1695.861374
0.0,999,1698.866031
0.0,999,1701.838946
0.0,999,1704.808911
0.0,999,1707.780511
0.0,999,1710.752023
0.0,999,1713.72385
0.0,999,1716.695577
0.0,999,1719.661343
0.0,999,1722.629903
0.0,999,1725.598147
0.0,999,1728.564692
0.0,999,1731.528048
0.0,999,1734.493875
0.0,999,1737.458561
0.0,999,1740.421191
0.0,999,1743.389387
0.0,999,1746.356618
0.0,999,1749.304099
0.0,999,1752.24146
0.0,999,1755.180766
0.0,999,1758.117222
0.0,999,1761.053716
0.0,999,1763.995248
0.0,999,1766.932806
0.0,999,1769.872271
0.0,999,1772.810479
0.0,999,1775.744412
0.0,999,1778.676474
0.0,999,1781.609732
0.0,999,1784.547311
0.0,999,1787.48526
0.0,999,1790.423733
0.0,999,1793.371044
0.0,999,1796.313072
0.0,999,1799.255009
0.0,999,1802.196923
0.0,999,1805.13785
0.0,999,1808.076464
0.0,999,1811.018088
0.0,999,1813.95599
0.0,999,1816.89641
0.0,999,1819.840191
0.0,999,1822.782799
0.0,999,1825.726622
0.0,999,1828.666122
0.0,999,1831.608982
0.0,999,1834.550581
0.0,999,1837.495029
0.0,999,1840.43965
0.0,999,1862.183732
0.0,999,1865.155811
0.0,999,1868.096148
0.0,999,1871.044397
0.0,999,1873.997788
0.0,999,1876.938617
0.0,999,1879.877212
0.0,999,1882.813331
0.0,999,1885.746927
0.0,999,1888.693423
0.0,999,1891.640469
0.0,999,1894.586635
0.0,999,1897.534007
0.0,999,1900.47765
0.0,999,1903.423579
0.0,999,1906.371111
0.0,999,1909.310678
0.0,999,1912.245424
0.0,999,1915.183459
0.0,999,1918.129448
0.0,999,1921.0741
0.0,999,1924.015049
0.0,999,1926.954371
0.0,999,1929.894503
0.0,999,1932.834373
0.0,999,1935.769297
0.0,999,1938.701068
0.0,999,1941.633456
0.0,999,1944.564564
0.0,999,1947.50005
0.0,999,1950.436276
0.0,999,1953.3722
0.0,999,1956.306899
0.0,999,1959.258777
0.0,999,1962.192217
0.0,999,1965.130267
0.0,999,1968.069248
0.0,999,1971.001751
0.0,999,1973.934237
0.0,999,1976.869915
0.0,999,1979.803077
0.0,999,1982.739352
0.0,999,1985.678111
0.0,999,1988.614116
0.0,999,1991.551031
0.0,999,1994.483217
0.0,999,1997.416423
0.0,999,2000.353573
0.0,999,2003.290435
0.0,999,2006.230624
0.0,999,2027.965619
0.0,999,2030.933525
0.0,999,2033.873727
0.0,999,2036.811733
0.0,999,2039.743912
0.0,999,2042.678293
0.0,999,2045.619952
0.0,999,2048.562256
0.0,999,2051.510431
0.0,999,2054.450823
0.0,999,2057.39187
0.0,999,2060.332545
0.0,999,2063.269829
0.0,999,2066.208099
0.0,999,2069.142487
0.0,999,2072.083592
0.0,999,2075.02352
0.0,999,2077.956158
0.0,999,2080.889561
0.0,999,2083.825798
0.0,999,2086.765204
0.0,999,2089.70259
0.0,999,2092.639273
0.0,999,2095.574515
0.0,999,2098.509965
0.0,999,2101.448133
0.0,999,2104.387383
0.0,999,2107.317303
0.0,999,2110.24834
0.0,999,2113.178169
0.0,999,2116.107296
0.0,999,2119.037977
0.0,999,2121.967576
0.0,999,2124.899864
0.0,999,2127.832349
0.0,999,2130.763694
0.0,999,2133.693737
0.0,999,2136.623084
0.0,999,2139.554205
0.0,999,2142.488161
0.0,999,2145.420946
0.0,999,2148.351352
0.0,999,2151.280411
0.0,999,2154.21147
0.0,999,2157.143131
0.0,999,2160.075326
0.0,999,2163.018658
0.0,999,2165.951958
0.0,999,2168.882746
0.0,999,2171.814319
0.0,999,2193.578758
0.0,999,2196.534724
0.0,999,2199.465916
0.0,999,2202.398878
0.0,999,2205.330358
0.0,999,2208.267126
0.0,999,2211.207186
0.0,999,2214.145486
0.0,999,2217.081645
0.0,999,2220.019978
0.0,999,2222.961999
0.0,999,2225.899809
0.0,999,2228.83513
0.0,999,2231.772503
0.0,999,2234.703238
0.0,999,2237.635871
0.0,999,2240.568954
0.0,999,2243.50698
0.0,999,2246.444176
0.0,999,2249.378936
0.0,999,2252.312612
0.0,999,2255.25009
0.0,999,2258.188941
0.0,999,2261.124447
0.0,999,2264.066435
0.0,999,2267.028225
0.0,999,2269.971864
0.0,999,2272.914758
0.0,999,2275.861797
0.0,999,2278.816621
0.0,999,2281.763005
0.0,999,2284.706708
0.0,999,2287.647258
0.0,999,2290.588676
0.0,999,2293.532438
0.0,999,2296.482244
0.0,999,2299.42781
0.0,999,2302.373245
0.0,999,2305.319201
0.0,999,2308.253803
0.0,999,2311.189556
0.0,999,2314.135072
0.0,999,2317.077997
0.0,999,2320.016259
0.0,999,2322.954479
0.0,999,2325.891858
0.0,999,2328.834417
0.0,999,2331.773139
0.0,999,2334.709972
0.0,999,2337.647194
0.0,999,2359.415723
0.0,999,2362.400486
0.0,999,2365.341849
0.0,999,2368.279923
0.0,999,2371.218825
0.0,999,2374.155515
0.0,999,2377.091051
0.0,999,2380.03124
0.0,999,2382.973717
0.0,999,2385.918766
0.0,999,2388.86466
0.0,999,2391.805626
0.0,999,2394.744803
0.0,999,2397.685472
0.0,999,2400.625621
0.0,999,2403.569321
0.0,999,2406.508129
0.0,999,2409.45353
0.0,999,2412.397021
0.0,999,2415.34052
0.0,999,2418.282219
0.0,999,2421.225626
0.0,999,2424.163713
0.0,999,2427.103679
0.0,999,2430.045392
0.0,999,2432.984477
0.0,999,2435.926421
0.0,999,2438.868353
0.0,999,2441.813775
0.0,999,2444.755164
0.0,999,2447.695608
0.0,999,2450.633889
0.0,999,2453.577228
0.0,999,2456.519445
0.0,999,2459.463653
0.0,999,2462.407658
0.0,999,2465.353636
0.0,999,2468.299055
0.0,999,2471.254337
0.0,999,2474.191532
0.0,999,2477.127046
0.0,999,2480.069783
0.0,999,2483.010748
0.0,999,2485.948492
0.0,999,2488.888649
0.0,999,2491.832192
0.0,999,2494.778918
0.0,999,2497.725939
0.0,999,2500.675563
0.0,999,2503.622203
0.0,999,2525.376319
0.0,999,2528.349
0.0,999,2531.28646
0.0,999,2534.22226
0.0,999,2537.16433
0.0,999,2540.111019
0.0,999,2543.053785
0.0,999,2545.996925
0.0,999,2548.943202
0.0,999,2551.883394
0.0,999,2554.823368
0.0,999,2557.761056
0.0,999,2560.700467
0.0,999,2563.639668
0.0,999,2566.579885
0.0,999,2569.523222
0.0,999,2572.46899
0.0,999,2575.411512
0.0,999,2578.353613
0.0,999,2581.293386
0.0,999,2584.23302
0.0,999,2587.178414
0.0,999,2590.123307
0.0,999,2593.064823
0.0,999,2596.008299
0.0,999,2598.948205
0.0,999,2601.890845
0.0,999,2604.83056
0.0,999,2607.773554
0.0,999,2610.716836
0.0,999,2613.657175
0.0,999,2616.599075
0.0,999,2619.542176
0.0,999,2622.484353
0.0,999,2625.427387
0.0,999,2628.368803
0.0,999,2631.30974
0.0,999,2634.24715
0.0,999,2637.190337
0.0,999,2640.130919
0.0,999,2643.083185
0.0,999,2646.030057
0.0,999,2648.977701
0.0,999,2651.919824
0.0,999,2654.863945
0.0,999,2657.808453
0.0,999,2660.751643
0.0,999,2663.695267
0.0,999,2666.638128
0.0,999,2669.580039
0.0,999,2691.315152
0.0,999,2694.285592
0.0,999,2697.252019
0.0,999,2700.204158
0.0,999,2703.152157
0.0,999,2706.094502
0.0,999,2709.036387
0.0,999,2711.981832
0.0,999,2714.928554
0.0,999,2717.888098
0.0,999,2720.851143
0.0,999,2723.814963
0.0,999,2726.778852
0.0,999,2729.739331
0.0,999,2732.700505
0.0,999,2735.660774
0.0,999,2738.626082
0.0,999,2741.591185
0.0,999,2744.557552
0.0,999,2747.518858
0.0,999,2750.48388
0.0,999,2753.447118
0.0,999,2756.406188
0.0,999,2759.369875
0.0,999,2762.335177
0.0,999,2765.302284
0.0,999,2768.266424
0.0,999,2771.225012
0.0,999,2774.187154
0.0,999,2777.144953
0.0,999,2780.105509
0.0,999,2783.065003
0.0,999,2786.023486
0.0,999,2788.983344
0.0,999,2791.951598
0.0,999,2794.918729
0.0,999,2797.890219
0.0,999,2800.858039
0.0,999,2803.822913
0.0,999,2806.785747
0.0,999,2809.753301
0.0,999,2812.718343
0.0,999,2815.689851
0.0,999,2818.653644
0.0,999,2821.619249
0.0,999,2824.58577
0.0,999,2827.550776
0.0,999,2830.512355
0.0,999,2833.47873
0.0,999,2836.443144
0.0,999,2858.350869
0.0,999,2861.353686
0.0,999,2864.316881
0.0,999,2867.28525
0.0,999,2870.247521
0.0,999,2873.210517
0.0,999,2876.17357
0.0,999,2879.133904
0.0,999,2882.095234
0.0,999,2885.062102
0.0,999,2888.03101
0.0,999,2890.994118
0.0,999,2893.955329
0.0,999,2896.914738
0.0,999,2899.874674
0.0,999,2902.839254
0.0,999,2905.813628
0.0,999,2908.764036
0.0,999,2911.705889
0.0,999,2914.653091
0.0,999,2917.596671
0.0,999,2920.540282
0.0,999,2923.483537
0.0,999,2926.426789
0.0,999,2929.371573
0.0,999,2932.31573
0.0,999,2935.26255
0.0,999,2938.214787
0.0,999,2941.170802
0.0,999,2944.114058
0.0,999,2947.059696
0.0,999,2949.998617
0.0,999,2952.940763
0.0,999,2955.884393
0.0,999,2958.830609
0.0,999,2961.776337
0.0,999,2964.724707
0.0,999,2967.667828
0.0,999,2970.615966
0.0,999,2973.561717
0.0,999,2976.509022
0.0,999,2979.453681
0.0,999,2982.397276
0.0,999,2985.343087
0.0,999,2988.291232
0.0,999,2991.230509
0.0,999,2994.170527
0.0,999,2997.129238
0.0,999,3000.07918
0.0,999,3003.025323
0.0,999,3024.791652
0.0,999,3027.801368
0.0,999,3030.748497
0.0,999,3033.693878
0.0,999,3036.645455
0.0,999,3039.589191
0.0,999,3042.533331
0.0,999,3045.474407
0.0,999,3048.41498
0.0,999,3051.363804
0.0,999,3054.351096
0.0,999,3057.339105
0.0,999,3060.322521
0.0,999,3063.311332
0.0,999,3066.298678
0.0,999,3069.291903
0.0,999,3072.284524
0.0,999,3075.271001
0.0,999,3078.258733
0.0,999,3081.245916
0.0,999,3084.232116
0.0,999,3087.216652
0.0,999,3090.2065
0.0,999,3093.195044
0.0,999,3096.185018
0.0,999,3099.177492
0.0,999,3102.168263
0.0,999,3105.159326
0.0,999,3108.147988
0.0,999,3111.132125
0.0,999,3114.11519
0.0,999,3117.098236
0.0,999,3120.083425
0.0,999,3123.064447
0.0,999,3126.062159
0.0,999,3129.062845
0.0,999,3132.062724
0.0,999,3135.063416
0.0,999,3138.063353
0.0,999,3141.062271
0.0,999,3144.06364
0.0,999,3147.060162
0.0,999,3150.056043
0.0,999,3153.064709
0.0,999,3156.064356
0.0,999,3159.06453
0.0,999,3162.066299
0.0,999,3165.064631
0.0,999,3168.06291
0.0,999,3171.066149
0.0,999,3193.034657
0.0,999,3195.991478
0.0,999,3198.934387
0.0,999,3201.872489
0.0,999,3204.812418
0.0,999,3207.756537
0.0,999,3210.697621
0.0,999,3213.631298
0.0,999,3216.568654
0.0,999,3219.507728
0.0,999,3222.447237
0.0,999,3225.389085
0.0,999,3228.326075
0.0,999,3231.261291
0.0,999,3234.196645
0.0,999,3237.169456
0.0,999,3240.110729
0.0,999,3243.083432
0.0,999,3246.024022
0.0,999,3248.962332
0.0,999,3251.900732
0.0,999,3254.837467
0.0,999,3257.772985
0.0,999,3260.707431
0.0,999,3263.647331
0.0,999,3266.580595
0.0,999,3269.512958
0.0,999,3272.449665
0.0,999,3275.384877
0.0,999,3278.325669
0.0,999,3281.265739
0.0,999,3284.204756
0.0,999,3287.148942
0.0,999,3290.088379
0.0,999,3293.024793
0.0,999,3295.96144
0.0,999,3298.899415
0.0,999,3301.831161
0.0,999,3304.768348
0.0,999,3307.706095
0.0,999,3310.644213
0.0,999,3313.59731
0.0,999,3316.531128
0.0,999,3319.463568
0.0,999,3322.399564
0.0,999,3325.332952
0.0,999,3328.261758
0.0,999,3331.188932
0.0,999,3334.12032
0.0,999,3336.757336
0.0,999,3358.532585
0.0,999,3361.572244
0.0,999,3364.591206
0.0,999,3367.6067
0.0,999,3370.619445
0.0,999,3373.630674
0.0,999,3376.644431
0.0,999,3379.657587
0.0,999,3382.66146
0.0,999,3385.66082
0.0,999,3388.667737
0.0,999,3391.681864
0.0,999,3394.695081
0.0,999,3397.706368
0.0,999,3400.721878
0.0,999,3403.730118
0.0,999,3406.731943
0.0,999,3409.736669
0.0,999,3412.7432
0.0,999,3415.744445
0.0,999,3418.759527
0.0,999,3421.766369
0.0,999,3424.777214
0.0,999,3427.784102
0.0,999,3430.788147
0.0,999,3433.79468
0.0,999,3436.802481
0.0,999,3439.80857
0.0,999,3442.815229
0.0,999,3445.814259
0.0,999,3448.82224
0.0,999,3451.826482
0.0,999,3454.827871
0.0,999,3457.835987
0.0,999,3460.847738
0.0,999,3463.857645
0.0,999,3466.866181
0.0,999,3469.869709
0.0,999,3472.870825
0.0,999,3475.864622
0.0,999,3478.865801
0.0,999,3481.866926
0.0,999,3484.867686
0.0,999,3487.86741
0.0,999,3490.872849
0.0,999,3493.871937
0.0,999,3496.866115
0.0,999,3499.865801
0.0,999,3502.857341
0.0,999,3505.854512
0.0,999,3527.791114
0.0,999,3530.82984
0.0,999,3533.841542
0.0,999,3536.85449
0.0,999,3539.886236
0.0,999,3542.900703
0.0,999,3545.915959
0.0,999,3548.92662
0.0,999,3551.939311
0.0,999,3554.952508
0.0,999,3557.969651
0.0,999,3560.982915
0.0,999,3563.997555
0.0,999,3567.009223
0.0,999,3570.019812
0.0,999,3573.030759
0.0,999,3576.042191
0.0,999,3579.054855
0.0,999,3582.068702
0.0,999,3585.083517
0.0,999,3588.087306
0.0,999,3591.07923
0.0,999,3594.072513
0.0,999,3597.068404
0.0,999,3600.06279
0.0,999,3603.067773
0.0,999,3606.074907
0.0,999,3609.080678
0.0,999,3612.036198
0.0,999,3614.965657
0.0,999,3617.900931
0.0,999,3620.83879
0.0,999,3623.779099
0.0,999,3626.71243
0.0,999,3629.656482
0.0,999,3632.601207
0.0,999,3635.545741
0.0,999,3638.486891
0.0,999,3641.431244
0.0,999,3644.373749
0.0,999,3647.318064
0.0,999,3650.259095
0.0,999,3653.204791
0.0,999,3656.144842
0.0,999,3659.086382
0.0,999,3662.028311
0.0,999,3664.96901
0.0,999,3667.906379
0.0,999,3670.846353
0.0,999,3673.7885
0.0,999,3695.580426
0.0,999,3698.545131
0.0,999,3701.522464
0.0,999,3704.455861
0.0,999,3707.398978
0.0,999,3710.338385
0.0,999,3713.277642
0.0,999,3716.219978
0.0,999,3719.166564
0.0,999,3722.114144
0.0,999,3725.057089
0.0,999,3728.004555
0.0,999,3730.952098
0.0,999,3733.896327
0.0,999,3736.837826
0.0,999,3739.775285
0.0,999,3742.718212
0.0,999,3745.662073
0.0,999,3748.621869
0.0,999,3751.563566
0.0,999,3754.502463
0.0,999,3757.44572
0.0,999,3760.389031
0.0,999,3763.332304
0.0,999,3766.275263
0.0,999,3769.221822
0.0,999,3772.165027
0.0,999,3775.114387
0.0,999,3778.059657
0.0,999,3781.005877
0.0,999,3783.956896
0.0,999,3786.906384
0.0,999,3789.849419
0.0,999,3792.792664
0.0,999,3795.736241
0.0,999,3798.673274
0.0,999,3801.621713
0.0,999,3804.562112
0.0,999,3807.505431
0.0,999,3810.449316
0.0,999,3813.394996
0.0,999,3816.337163
0.0,999,3819.278125
0.0,999,3822.22164
0.0,999,3825.168265
0.0,999,3828.115527
0.0,999,3831.067454
0.0,999,3834.017029
0.0,999,3836.962358
0.0,999,3839.905963
0.0,999,3861.68067
0.0,999,3864.658802
0.0,999,3867.603246
0.0,999,3870.552495
0.0,999,3873.502847
0.0,999,3876.444488
0.0,999,3879.389456
0.0,999,3882.332885
0.0,999,3885.281201
0.0,999,3888.228275
0.0,999,3891.171499
0.0,999,3894.11526
0.0,999,3897.056777
0.0,999,3899.999862
0.0,999,3902.940008
0.0,999,3905.880356
0.0,999,3908.82245
0.0,999,3911.763334
0.0,999,3914.701464
0.0,999,3917.647871
0.0,999,3920.589694
0.0,999,3923.529782
0.0,999,3926.468375
0.0,999,3929.414356
0.0,999,3932.356906
0.0,999,3935.297509
0.0,999,3938.241772
0.0,999,3941.180024
0.0,999,3944.129349
0.0,999,3947.075752
0.0,999,3950.019686
0.0,999,3952.965151
0.0,999,3955.927227
0.0,999,3958.867646
0.0,999,3961.803964
0.0,999,3964.744198
0.0,999,3967.684109
0.0,999,3970.625652
0.0,999,3973.567861
0.0,999,3976.509553
0.0,999,3979.446997
0.0,999,3982.389773
0.0,999,3985.331586
0.0,999,3988.269949
0.0,999,3991.210381
0.0,999,3994.146896
0.0,999,3997.084798
0.0,999,4000.02147
0.0,999,4002.957335
0.0,999,4005.898239
0.0,999,4027.649642
0.0,999,4030.621922
0.0,999,4033.568641
0.0,999,4036.512837
0.0,999,4039.453626
0.0,999,4042.393226
0.0,999,4045.334454
0.0,999,4048.275368
0.0,999,4051.217309
0.0,999,4054.160474
0.0,999,4057.104566
0.0,999,4060.048278
0.0,999,4062.989089
0.0,999,4065.93295
0.0,999,4068.87936
0.0,999,4071.822957
0.0,999,4074.767738
0.0,999,4077.710764
0.0,999,4080.657205
0.0,999,4083.604407
0.0,999,4086.542733
0.0,999,4089.482347
0.0,999,4092.426808
0.0,999,4095.370123
0.0,999,4098.30987
0.0,999,4101.245173
0.0,999,4104.188197
0.0,999,4107.130808
0.0,999,4110.075452
0.0,999,4113.018616
0.0,999,4115.963995
0.0,999,4118.907269
0.0,999,4121.851293
0.0,999,4124.794744
0.0,999,4127.7312
0.0,999,4130.669282
0.0,999,4133.611055
0.0,999,4136.54827
0.0,999,4139.487312
0.0,999,4142.427496
0.0,999,4145.362269
0.0,999,4148.294816
0.0,999,4151.227214
0.0,999,4154.195314
0.0,999,4157.131528
0.0,999,4160.107023
0.0,999,4163.041891
0.0,999,4165.97788
0.0,999,4168.915785
0.0,999,4171.853414
0.0,999,4193.624574
0.0,999,4196.589386
0.0,999,4199.565391
0.0,999,4202.500439
0.0,999,4205.434699
0.0,999,4208.370515
0.0,999,4211.305746
0.0,999,4214.238902
0.0,999,4217.178898
0.0,999,4220.120671
0.0,999,4223.061797
0.0,999,4226.002203
0.0,999,4228.943612
0.0,999,4231.880663
0.0,999,4234.819108
0.0,999,4237.753663
0.0,999,4240.692543
0.0,999,4243.63054
0.0,999,4246.570123
0.0,999,4249.507728
0.0,999,4252.452166
0.0,999,4255.386777
0.0,999,4258.33126
0.0,999,4261.275288
0.0,999,4264.21501
0.0,999,4267.159883
0.0,999,4270.107321
0.0,999,4273.051203
0.0,999,4275.996416
0.0,999,4278.939675
0.0,999,4281.884683
0.0,999,4284.844218
0.0,999,4287.816945
0.0,999,4290.776551
0.0,999,4293.735335
0.0,999,4296.694569
0.0,999,4299.656012
0.0,999,4302.619687
0.0,999,4305.58051
0.0,999,4308.533738
0.0,999,4311.471186
0.0,999,4314.406574
0.0,999,4317.340312
0.0,999,4320.277135
0.0,999,4323.209841
0.0,999,4326.143692
0.0,999,4329.07988
0.0,999,4332.009908
0.0,999,4334.944886
0.0,999,4337.879034
0.0,999,4359.622229
0.0,999,4362.587569
0.0,999,4365.523886
0.0,999,4368.459754
0.0,999,4371.393007
0.0,999,4374.323053
0.0,999,4377.260487
0.0,999,4380.193966
0.0,999,4383.153597
0.0,999,4386.085583
0.0,999,4389.020414
0.0,999,4391.958362
0.0,999,4394.891415
0.0,999,4397.825231
0.0,999,4400.760651
0.0,999,4403.69593
0.0,999,4406.630276
0.0,999,4409.563487
0.0,999,4412.497533
0.0,999,4415.433675
0.0,999,4418.373587
0.0,999,4421.314254
0.0,999,4424.247979
0.0,999,4427.185891
0.0,999,4430.120375
0.0,999,4433.054783
0.0,999,4435.987919
0.0,999,4438.921028
0.0,999,4441.85742
0.0,999,4444.789698
0.0,999,4447.720708
0.0,999,4450.654159
0.0,999,4453.589255
0.0,999,4456.52358
0.0,999,4459.456586
0.0,999,4462.393679
0.0,999,4465.326013
0.0,999,4468.259524
0.0,999,4471.195176
0.0,999,4474.129521
0.0,999,4477.063299
0.0,999,4479.996778
0.0,999,4482.925172
0.0,999,4485.858825
0.0,999,4488.792062
0.0,999,4491.725537
0.0,999,4494.659759
0.0,999,4497.59258
0.0,999,4500.529896
0.0,999,4503.467412
0.0,999,4525.197504
0.0,999,4528.165063
0.0,999,4531.101534
0.0,999,4534.03955
0.0,999,4536.976009
0.0,999,4539.911661
0.0,999,4542.849575
0.0,999,4545.78351
0.0,999,4548.720343
0.0,999,4551.656844
0.0,999,4554.593131
0.0,999,4557.532296
0.0,999,4560.465303
0.0,999,4563.396587
0.0,999,4566.329313
0.0,999,4569.264311
0.0,999,4572.202924
0.0,999,4575.138635
0.0,999,4578.071725
0.0,999,4581.025432
0.0,999,4583.96164
0.0,999,4586.898576
0.0,999,4589.830741
0.0,999,4592.766099
0.0,999,4595.699986
0.0,999,4598.63805
0.0,999,4601.575834
0.0,999,4604.510483
0.0,999,4607.446467
0.0,999,4610.381901
0.0,999,4613.317842
0.0,999,4616.252668
0.0,999,4619.191938
0.0,999,4622.131124
0.0,999,4625.066224
0.0,999,4628.002416
0.0,999,4630.934855
0.0,999,4633.869148
0.0,999,4636.804025
0.0,999,4639.737766
0.0,999,4642.673054
0.0,999,4645.610013
0.0,999,4648.546339
0.0,999,4651.485266
0.0,999,4654.42485
0.0,999,4657.359354
0.0,999,4660.295987
0.0,999,4663.228192
0.0,999,4666.185584
0.0,999,4669.121793
0.0,999,4690.918811
0.0,999,4693.879475
0.0,999,4696.820845
0.0,999,4699.758709
0.0,999,4702.699046
0.0,999,4705.645251
0.0,999,4708.587523
0.0,999,4711.53089
0.0,999,4714.472367
0.0,999,4717.415585
0.0,999,4720.36163
0.0,999,4723.309746
0.0,999,4726.25502
0.0,999,4729.201249
0.0,999,4732.144834
0.0,999,4735.087594
0.0,999,4738.032212
0.0,999,4740.974267
0.0,999,4743.919322
0.0,999,4746.865884
0.0,999,4749.809131
0.0,999,4752.753343
0.0,999,4755.699039
0.0,999,4758.639248
0.0,999,4761.582408
0.0,999,4764.52806
0.0,999,4767.463063
0.0,999,4770.394771
0.0,999,4773.324916
0.0,999,4776.259053
0.0,999,4779.192487
0.0,999,4782.125886
0.0,999,4785.059395
0.0,999,4787.991732
0.0,999,4790.929675
0.0,999,4793.862385
0.0,999,4796.795749
0.0,999,4799.731236
0.0,999,4802.66522
0.0,999,4805.596446
0.0,999,4808.530771
0.0,999,4811.468252
0.0,999,4814.406672
0.0,999,4817.343533
0.0,999,4820.274218
0.0,999,4823.203989
0.0,999,4826.135351
0.0,999,4829.063524
0.0,999,4831.997474
0.0,999,4834.93299
0.0,999,4856.818121
0.0,999,4859.857348
0.0,999,4862.873686
0.0,999,4865.886933
0.0,999,4868.901965
0.0,999,4871.914075
0.0,999,4874.92461
0.0,999,4877.937615
0.0,999,4880.951421
0.0,999,4883.967528
0.0,999,4886.983829
0.0,999,4889.997775
0.0,999,4893.009451
0.0,999,4896.009362
0.0,999,4899.019777
0.0,999,4902.043129
0.0,999,4905.042319
0.0,999,4908.057642
0.0,999,4911.068542
0.0,999,4914.026641
0.0,999,4916.966365
0.0,999,4919.904047
0.0,999,4922.842588
0.0,999,4925.786355
0.0,999,4928.726275
0.0,999,4931.659481
0.0,999,4934.596364
0.0,999,4937.534383
0.0,999,4940.477394
0.0,999,4943.421197
0.0,999,4946.365305
0.0,999,4949.316198
0.0,999,4952.260902
0.0,999,4955.206892
0.0,999,4958.155495
0.0,999,4961.114541
0.0,999,4964.059853
0.0,999,4967.003842
0.0,999,4969.959246
0.0,999,4972.899923
0.0,999,4975.846042
0.0,999,4978.789885
0.0,999,4981.734989
0.0,999,4984.675002
0.0,999,4987.642514
0.0,999,4990.607267
0.0,999,4993.568907
0.0,999,4996.530907
0.0,999,4999.492266
0.0,999,5002.457013
0.0,999,5024.330788
0.0,999,5027.309702
0.0,999,5030.270465
0.0,999,5033.231267
0.0,999,5036.19559
0.0,999,5039.161548
0.0,999,5042.125417
0.0,999,5045.090071
0.0,999,5048.055091
0.0,999,5051.018039
0.0,999,5053.983307
0.0,999,5056.948727
0.0,999,5059.909049
0.0,999,5062.869332
0.0,999,5065.833721
0.0,999,5068.794762
0.0,999,5071.756038
0.0,999,5074.721042
0.0,999,5077.685137
0.0,999,5080.647321
0.0,999,5083.609497
0.0,999,5086.577112
0.0,999,5089.543671
0.0,999,5092.508513
0.0,999,5095.47345
0.0,999,5098.438794
0.0,999,5101.402078
0.0,999,5104.365461
0.0,999,5107.333574
0.0,999,5110.298495
0.0,999,5113.259804
0.0,999,5116.226381
0.0,999,5119.196321
0.0,999,5122.161358
0.0,999,5125.1241
0.0,999,5128.089553
0.0,999,5131.053704
0.0,999,5134.015002
0.0,999,5136.975688
0.0,999,5139.937491
0.0,999,5142.89747
0.0,999,5145.862894
0.0,999,5148.827127
0.0,999,5151.792044
0.0,999,5154.753784
0.0,999,5157.716533
0.0,999,5160.681228
0.0,999,5163.64512
0.0,999,5166.609106
0.0,999,5169.572601
0.0,999,5191.454003
0.0,999,5194.44783
0.0,999,5197.416203
0.0,999,5200.378335
0.0,999,5203.343334
0.0,999,5206.306364
0.0,999,5209.26922
0.0,999,5212.233301
0.0,999,5215.202401
0.0,999,5218.185936
0.0,999,5221.149069
0.0,999,5224.112066
0.0,999,5227.072417
0.0,999,5230.034224
0.0,999,5233.001245
0.0,999,5235.964162
0.0,999,5238.926611
0.0,999,5241.890614
0.0,999,5244.854455
0.0,999,5247.819169
0.0,999,5250.804173
0.0,999,5253.769764
0.0,999,5256.755529
0.0,999,5259.739253
0.0,999,5262.718935
0.0,999,5265.690223
0.0,999,5268.659316
0.0,999,5271.634254
0.0,999,5274.612745
0.0,999,5277.591119
0.0,999,5280.566569
0.0,999,5283.541073
0.0,999,5286.514139
0.0,999,5289.484995
0.0,999,5292.464696
0.0,999,5295.437438
0.0,999,5298.422629
0.0,999,5301.386604
0.0,999,5304.355335
0.0,999,5307.321325
0.0,999,5310.282468
0.0,999,5313.245686
0.0,999,5316.212416
0.0,999,5319.176398
0.0,999,5322.143783
0.0,999,5325.08744
0.0,999,5328.066864
0.0,999,5331.050707
0.0,999,5334.037713
0.0,999,5337.02804
0.0,999,5358.922521
0.0,999,5361.881694
0.0,999,5364.819435
0.0,999,5367.756609
0.0,999,5370.695002
0.0,999,5373.63135
0.0,999,5376.563913
0.0,999,5379.499117
0.0,999,5382.464945
0.0,999,5385.461991
0.0,999,5388.457435
0.0,999,5391.460779
0.0,999,5394.458307
0.0,999,5397.461216
0.0,999,5400.473257
0.0,999,5403.477839
0.0,999,5406.477566
0.0,999,5409.479592
0.0,999,5412.488839
0.0,999,5415.498042
0.0,999,5418.495831
0.0,999,5421.519488
0.0,999,5424.529108
0.0,999,5427.544674
0.0,999,5430.560391
0.0,999,5433.571867
0.0,999,5436.587391
0.0,999,5439.597465
0.0,999,5442.615161
0.0,999,5445.624231
0.0,999,5448.634476
0.0,999,5451.636868
0.0,999,5454.640608
0.0,999,5457.652956
0.0,999,5460.666504
0.0,999,5463.683967
0.0,999,5466.690718
0.0,999,5469.703731
0.0,999,5472.715939
0.0,999,5475.730373
0.0,999,5478.744144
0.0,999,5481.759928
0.0,999,5484.772566
0.0,999,5487.787812
0.0,999,5490.791457
0.0,999,5493.797522
0.0,999,5496.81087
0.0,999,5499.820143
0.0,999,5502.833999
0.0,999,5505.842673
0.0,999,5527.783864
0.0,999,5530.81707
0.0,999,5533.823184
0.0,999,5536.820306
0.0,999,5539.817582
0.0,999,5542.816197
0.0,999,5545.819712
0.0,999,5548.831895
0.0,999,5551.846686
0.0,999,5554.861012
0.0,999,5557.873881
0.0,999,5560.88791
0.0,999,5563.89223
0.0,999,5566.889772
0.0,999,5569.88769
0.0,999,5572.886688
0.0,999,5575.889327
0.0,999,5578.889103
0.0,999,5581.889841
0.0,999,5584.88629
0.0,999,5587.884959
0.0,999,5590.882369
0.0,999,5593.822643
0.0,999,5596.761853
0.0,999,5599.704014
0.0,999,5602.643902
0.0,999,5605.586464
0.0,999,5608.531912
0.0,999,5611.472984
0.0,999,5614.412334
0.0,999,5617.352502
0.0,999,5620.29085
0.0,999,5623.230382
0.0,999,5626.170892
0.0,999,5629.111986
0.0,999,5632.076454
0.0,999,5635.015215
0.0,999,5637.959817
0.0,999,5640.900999
0.0,999,5643.841147
0.0,999,5646.78253
0.0,999,5649.72925
0.0,999,5652.666019
0.0,999,5655.609315
0.0,999,5658.551311
0.0,999,5661.491465
0.0,999,5664.434236
0.0,999,5667.375236
0.0,999,5670.317051
0.0,999,5673.255718
0.0,999,5694.972587
0.0,999,5697.945547
0.0,999,5700.887921
0.0,999,5703.831196
0.0,999,5706.778215
0.0,999,5709.722227
0.0,999,5712.664981
0.0,999,5715.60803
0.0,999,5718.546837
0.0,999,5721.483408
0.0,999,5724.424567
0.0,999,5727.36482
0.0,999,5730.305442
0.0,999,5733.254723
0.0,999,5736.249538
0.0,999,5739.242676
0.0,999,5742.230977
0.0,999,5745.214786
0.0,999,5748.205415
0.0,999,5751.190925
0.0,999,5754.177434
0.0,999,5757.16303
0.0,999,5760.15182
0.0,999,5763.13994
0.0,999,5766.129357
0.0,999,5769.115241
0.0,999,5772.098816
0.0,999,5775.100892
0.0,999,5778.092995
0.0,999,5781.085982
0.0,999,5784.053763
0.0,999,5786.994015
0.0,999,5789.927099
0.0,999,5792.864865
0.0,999,5795.804672
0.0,999,5798.738959
0.0,999,5801.671234
0.0,999,5804.607733
0.0,999,5807.544643
0.0,999,5810.479172
0.0,999,5813.413333
0.0,999,5816.351062
0.0,999,5819.288614
0.0,999,5822.224866
0.0,999,5825.161758
0.0,999,5828.098193
0.0,999,5831.038922
0.0,999,5833.978601
0.0,999,5836.917943
0.0,999,5839.854935
0.0,999,5861.570458
0.0,999,5864.542157
0.0,999,5867.48177
0.0,999,5870.424547
0.0,999,5873.365037
0.0,999,5876.303685
0.0,999,5879.241727
0.0,999,5882.181468
0.0,999,5885.125928
0.0,999,5888.074599
0.0,999,5891.020619
0.0,999,5893.966199
0.0,999,5896.915486
0.0,999,5899.86191
0.0,999,5902.802952
0.0,999,5905.744168
0.0,999,5908.68292
0.0,999,5911.622114
0.0,999,5914.565705
0.0,999,5917.511032
0.0,999,5920.455555
0.0,999,5923.399304
0.0,999,5926.344384
0.0,999,5929.29239
0.0,999,5932.238904
0.0,999,5935.185642
0.0,999,5938.131997
0.0,999,5941.088935
0.0,999,5944.029448
0.0,999,5946.974103
0.0,999,5949.9376
0.0,999,5952.879695
0.0,999,5955.841922
0.0,999,5958.800665
